"xdata","ydata","zdata"
-2,0.699369,-0.9509465
-1.64,0.700462,-0.589307
-1.33,0.695354,-0.286969
-0.7,1.03905,0.858575
0,1.97389,2.960835
0.45,2.41143,4.067145
1.2,1.91091,4.066365
1.64,0.919576,3.019364
2.32,-0.730975,1.2235375
2.9,-1.42001,0.769985
